[
    {"name":"新剿灭轮换1","originium":"0","orundum":"1500","permit":"0","permit10":"0","times":"2.5","endDate":"1662321600000 "},
    {"name":"中秋签到活动","originium":"0","orundum":"400","permit":"0","permit10":"0","times":"0.666666667","endDate":"1663488000000 "},
    {"name":"BUG修复和版本更新","originium":"15","orundum":"2000","permit":"0","permit10":"0","times":"7.833333333","endDate":"1668455880000 "},
    {"name":"新剿灭轮换2","originium":"0","orundum":"1500","permit":"0","permit10":"0","times":"2.5","endDate":"1667592000000 "},
    {"name":"兔子矿区","originium":"0","orundum":"8500","permit":"0","permit10":"0","times":"14.16666667","endDate":"1668455880000 "},
    {"name":"限定池每日赠送寻访凭证","originium":"0","orundum":"0","permit":"14","permit10":"0","times":"14","endDate":"1668455880000 "},
    {"name":"限定池登录十连寻访凭证","originium":"0","orundum":"0","permit":"0","permit10":"1","times":"10","endDate":"1668455880000 "},
    {"name":"感谢庆典签到活动","originium":"2","orundum":"0","permit":"0","permit10":"0","times":"0.6","endDate":"1668455880000 "}
]