[
  {"name":"双倍源石6元","sells":"6.00","originium":"3","orundum":"0","permit":"0","permit10":"0","price":"6.67","type":"first","times":"0.9"},
  {"name":"双倍源石98元","sells":"98.00","originium":"40","orundum":"0","permit":"0","permit10":"0","price":"8.17","type":"first","times":"12"},
  {"name":"双倍源石198元","sells":"198.00","originium":"80","orundum":"0","permit":"0","permit10":"0","price":"8.25","type":"first","times":"24"},
  {"name":"双倍源石328元","sells":"328.00","originium":"132","orundum":"0","permit":"0","permit10":"0","price":"8.28","type":"first","times":"39.6"},
  {"name":"双倍源石648元","sells":"648.00","originium":"260","orundum":"0","permit":"0","permit10":"0","price":"8.31","type":"first","times":"78"},
  {"name":"双倍源石30元","sells":"30.00","originium":"12","orundum":"0","permit":"0","permit10":"0","price":"8.33","type":"first","times":"3.6"},
  {"name":"普通源石648元","sells":"648","originium":"185","orundum":"0","permit":"0","permit10":"0","price":"11.68","type":"normal","times":"55.5"},
  {"name":"普通源石328元","sells":"328","originium":"90","orundum":"0","permit":"0","permit10":"0","price":"12.15","type":"normal","times":"27"},
  {"name":"普通源石198元","sells":"198","originium":"50","orundum":"0","permit":"0","permit10":"0","price":"13.20","type":"normal","times":"15"},
  {"name":"普通源石98元","sells":"98","originium":"24","orundum":"0","permit":"0","permit10":"0","price":"13.61","type":"normal","times":"7.2"},
  {"name":"普通源石30元","sells":"30","originium":"7","orundum":"0","permit":"0","permit10":"0","price":"14.29","type":"normal","times":"2.1"},
  {"name":"普通源石6元","sells":"6","originium":"1","orundum":"0","permit":"0","permit10":"0","price":"20.00","type":"normal","times":"0.3"},
  {"name":"新人组合包","sells":"6","originium":"0","orundum":"0","permit":"1","permit10":"0","price":"6.00","type":"gift","times":"1"},
  {"name":"新人寻访组合包","sells":"128","originium":"0","orundum":"0","permit":"0","permit10":"2","price":"6.40","type":"gift","times":"20"},
  {"name":"鸭爵的零钱包","sells":"45","originium":"0","orundum":"4500","permit":"0","permit10":"0","price":"11.54","type":"gift","times":"7.5"},
  {"name":"资深干员特训包","sells":"128","originium":"37","orundum":"0","permit":"0","permit10":"0","price":"11.53","type":"gift","times":"11.1"},
  {"name":"调用凭证组合包","sells":"198","originium":"0","orundum":"0","permit":"0","permit10":"1","price":"19.80","type":"gift","times":"10"},
  {"name":"感谢庆典组合包","sells":"328","originium":"90","orundum":"0","permit":"0","permit10":"1","price":"8.87","type":"gift","times":"37"},
  {"name":"月卡","sells":"30","originium":"6","orundum":"200","permit":"0","permit10":"0","price":"2.54","type":"monthly","times":"0.333333333"},
  {"name":"9月寻访组合包","sells":"168","originium":"42","orundum":"0","permit":"0","permit10":"1","price":"7.43","type":"monthly","times":"22.6"},
  {"name":"10月寻访组合包","sells":"168","originium":"42","orundum":"0","permit":"0","permit10":"1","price":"7.43","type":"monthly","times":"22.6"},
  {"name":"11月寻访组合包","sells":"168","originium":"42","orundum":"0","permit":"0","permit10":"1","price":"7.43","type":"monthly","times":"22.6"}
]
