[
    {"name":"序章 黑暗时代·上","originium":"18","orundum":"0","permit":"0","permit10":"0","type":"main","times":"5.4"},
    {"name":"突袭","originium":"11","orundum":"0","permit":"0","permit10":"0","type":"main","times":"3.3"},
    {"name":"第一章 黑暗时代·下","originium":"15","orundum":"0","permit":"0","permit10":"0","type":"main","times":"4.5"},
    {"name":"突袭","originium":"12","orundum":"0","permit":"0","permit10":"0","type":"main","times":"3.6"},
    {"name":"第二章 异卵同生","originium":"26","orundum":"0","permit":"0","permit10":"0","type":"main","times":"7.8"},
    {"name":"突袭","originium":"22","orundum":"0","permit":"0","permit10":"0","type":"main","times":"6.6"},
    {"name":"第三章 二次呼吸","originium":"16","orundum":"0","permit":"0","permit10":"0","type":"main","times":"4.8"},
    {"name":"突袭","originium":"8","orundum":"0","permit":"0","permit10":"0","type":"main","times":"2.4"},
    {"name":"第四章 急性衰竭","originium":"20","orundum":"0","permit":"0","permit10":"0","type":"main","times":"6"},
    {"name":"突袭","originium":"10","orundum":"0","permit":"0","permit10":"0","type":"main","times":"3"},
    {"name":"第五章 靶向药物","originium":"20","orundum":"0","permit":"0","permit10":"0","type":"main","times":"6"},
    {"name":"突袭","originium":"14","orundum":"0","permit":"0","permit10":"0","type":"main","times":"4.2"},
    {"name":"第六章 局部坏死","originium":"23","orundum":"0","permit":"0","permit10":"0","type":"main","times":"6.9"},
    {"name":"突袭","originium":"19","orundum":"0","permit":"0","permit10":"0","type":"main","times":"5.7"},
    {"name":"第七章 苦难摇篮","originium":"23","orundum":"0","permit":"0","permit10":"0","type":"main","times":"6.9"},
    {"name":"突袭","originium":"20","orundum":"0","permit":"0","permit10":"0","type":"main","times":"6"},
    {"name":"第八章 怒号光明","originium":"29","orundum":"0","permit":"0","permit10":"0","type":"main","times":"8.7"},
    {"name":"突袭","originium":"20","orundum":"0","permit":"0","permit10":"0","type":"main","times":"6"},
    {"name":"第九章 风暴瞭望","originium":"23","orundum":"0","permit":"0","permit10":"0","type":"main","times":"6.9"},
    {"name":"突袭","originium":"24","orundum":"0","permit":"0","permit10":"0","type":"main","times":"7.2"},
    {"name":"第十章 破碎日冕","originium":"20","orundum":"0","permit":"0","permit10":"0","type":"main","times":"6"},
    {"name":"绝境","originium":"18","orundum":"0","permit":"0","permit10":"0","type":"main","times":"5.4"},
    {"name":"骑兵与猎人","originium":"15","orundum":"0","permit":"0","permit10":"0","type":"activity","times":"4.5"},
    {"name":"火蓝之心","originium":"29","orundum":"0","permit":"0","permit10":"0","type":"activity","times":"8.7"},
    {"name":"喧闹法则","originium":"29","orundum":"0","permit":"0","permit10":"0","type":"activity","times":"8.7"},
    {"name":"生于黑夜","originium":"22","orundum":"0","permit":"0","permit10":"0","type":"activity","times":"6.6"},
    {"name":"沃伦姆德的薄暮","originium":"32","orundum":"0","permit":"0","permit10":"0","type":"activity","times":"9.6"},
    {"name":"密林悍将归来","originium":"28","orundum":"0","permit":"0","permit10":"0","type":"activity","times":"8.4"},
    {"name":"玛莉娅临光","originium":"28","orundum":"0","permit":"0","permit10":"0","type":"activity","times":"8.4"},
    {"name":"孤岛风云","originium":"27","orundum":"0","permit":"0","permit10":"0","type":"activity","times":"8.1"},
    {"name":"画中人","originium":"30","orundum":"0","permit":"0","permit10":"0","type":"activity","times":"9"},
    {"name":"遗尘漫步","originium":"27","orundum":"0","permit":"0","permit10":"0","type":"activity","times":"8.1"},
    {"name":"覆潮之下","originium":"28","orundum":"0","permit":"0","permit10":"0","type":"activity","times":"8.4"},
    {"name":"愚人号","originium":"36","orundum":"0","permit":"0","permit10":"0","type":"activity","times":"10.8"},
    {"name":"多索雷斯假日","originium":"40","orundum":"0","permit":"0","permit10":"0","type":"activity","times":"12"}
    ]