[
    {"name":"源石（新玩家）","originium":"42","orundum":"0","permit":"3","permit10":"0","type":"activityper","times":"13.6"},
    {"name":"紫票-合成玉（老玩家）","originium":"0","orundum":"2000","permit":"3","permit10":"0","type":"activityper","times":"4.333333333"},
    {"name":"风雪过境（源石）","originium":"30","orundum":"0","permit":"1","permit10":"0","type":"activityper1","times":"10"},
    {"name":"风雪过境（紫票）","originium":"0","orundum":"2000","permit":"1","permit10":"0","type":"activityper1","times":"4.333333333"},
    {"name":"将进酒（源石）","originium":"28","orundum":"0","permit":"1","permit10":"0","type":"activityper1","times":"9.4"},
    {"name":"将进酒（紫票）","originium":"0","orundum":"2000","permit":"1","permit10":"0","type":"activityper1","times":"4.333333333"},
    {"name":"吾导先路（源石）","originium":"27","orundum":"0","permit":"1","permit10":"0","type":"activityper1","times":"9.1"},
    {"name":"吾导先路（紫票）","originium":"0","orundum":"2000","permit":"1","permit10":"0","type":"activityper1","times":"4.333333333"},
    {"name":"愚人号（源石）","originium":"36","orundum":"0","permit":"1","permit10":"0","type":"activityper1","times":"11.8"},
    {"name":"愚人号（紫票）","originium":"0","orundum":"2000","permit":"1","permit10":"0","type":"activityper1","times":"4.333333333"},
    {"name":"尘影余音（源石）","originium":"29","orundum":"0","permit":"1","permit10":"0","type":"activityper1","times":"9.7"},
    {"name":"尘影余音（紫票）","originium":"0","orundum":"2000","permit":"1","permit10":"0","type":"activityper1","times":"4.333333333"},
    {"name":"绿野幻梦（源石）","originium":"27","orundum":"0","permit":"1","permit10":"0","type":"activityper1","times":"9.1"},
    {"name":"绿野幻梦（紫票）","originium":"0","orundum":"2000","permit":"1","permit10":"0","type":"activityper1","times":"4.333333333"}
    ]