[
    {"name":"基础作战记录","id":"2001"},
    {"name":"初级作战记录","id":"2002"},
    {"name":"中级作战记录","id":"2003"},
    {"name":"高级作战记录","id":"2004"},
    {"name":"赤金","id":"3003"},
    {"name":"先锋芯片","id":"3211"},
    {"name":"先锋芯片组","id":"3212"},
    {"name":"先锋双芯片","id":"3213"},
    {"name":"近卫芯片","id":"3221"},
    {"name":"近卫芯片组","id":"3222"},
    {"name":"近卫双芯片","id":"3223"},
    {"name":"重装芯片","id":"3231"},
    {"name":"重装芯片组","id":"3232"},
    {"name":"重装双芯片","id":"3233"},
    {"name":"狙击芯片","id":"3241"},
    {"name":"狙击芯片组","id":"3242"},
    {"name":"狙击双芯片","id":"3243"},
    {"name":"术师芯片","id":"3251"},
    {"name":"术师芯片组","id":"3252"},
    {"name":"术师双芯片","id":"3253"},
    {"name":"医疗芯片","id":"3261"},
    {"name":"医疗芯片组","id":"3262"},
    {"name":"医疗双芯片","id":"3263"},
    {"name":"辅助芯片","id":"3271"},
    {"name":"辅助芯片组","id":"3272"},
    {"name":"辅助双芯片","id":"3273"},
    {"name":"特种芯片","id":"3281"},
    {"name":"特种芯片组","id":"3282"},
    {"name":"特种双芯片","id":"3283"},
    {"name":"技巧概要·卷1","id":"3301"},
    {"name":"技巧概要·卷2","id":"3302"},
    {"name":"技巧概要·卷3","id":"3303"},
    {"name":"龙门币","id":"4001"},
    {"name":"至纯源石","id":"4002"},
    {"name":"合成玉","id":"4003"},
    {"name":"高级凭证","id":"4004"},
    {"name":"资质凭证","id":"4005"},
    {"name":"采购凭证","id":"4006"},
    {"name":"声望","id":"5001"},
    {"name":"招聘许可","id":"7001"},
    {"name":"寻访凭证","id":"7003"},
    {"name":"十连寻访凭证","id":"7004"},
    {"name":"源岩","id":"30011"},
    {"name":"固源岩","id":"30012"},
    {"name":"固源岩组","id":"30013"},
    {"name":"提纯源岩","id":"30014"},
    {"name":"代糖","id":"30021"},
    {"name":"糖","id":"30022"},
    {"name":"糖组","id":"30023"},
    {"name":"糖聚块","id":"30024"},
    {"name":"酯原料","id":"30031"},
    {"name":"聚酸酯","id":"30032"},
    {"name":"聚酸酯组","id":"30033"},
    {"name":"聚酸酯块","id":"30034"},
    {"name":"异铁碎片","id":"30041"},
    {"name":"异铁","id":"30042"},
    {"name":"异铁组","id":"30043"},
    {"name":"异铁块","id":"30044"},
    {"name":"双酮","id":"30051"},
    {"name":"酮凝集","id":"30052"},
    {"name":"酮凝集组","id":"30053"},
    {"name":"酮阵列","id":"30054"},
    {"name":"破损装置","id":"30061"},
    {"name":"装置","id":"30062"},
    {"name":"全新装置","id":"30063"},
    {"name":"改量装置","id":"30064"},
    {"name":"扭转醇","id":"30073"},
    {"name":"白马醇","id":"30074"},
    {"name":"轻锰矿","id":"30083"},
    {"name":"三水锰矿","id":"30084"},
    {"name":"研磨石","id":"30093"},
    {"name":"五水研磨石","id":"30094"},
    {"name":"RMA70-12","id":"30103"},
    {"name":"RMA70-24","id":"30104"},
    {"name":"聚合剂","id":"30115"},
    {"name":"双极纳米片","id":"30125"},
    {"name":"D32钢","id":"30135"},
    {"name":"晶体电子单元","id":"30145"},
    {"name":"凝胶","id":"31013"},
    {"name":"聚合凝胶","id":"31014"},
    {"name":"炽合金","id":"31023"},
    {"name":"炽合金块","id":"31024"},
    {"name":"晶体元件","id":"31033"},
    {"name":"晶体电路","id":"31034"},
    {"name":"半自然溶剂","id":"31043"},
    {"name":"精炼溶剂","id":"31044"},
    {"name":"化合切削液","id":"31053"},
    {"name":"切削原液","id":"31054"},
    {"name":"芯片助剂","id":"32001"},
    {"name":"至纯源石icon","id":"4002icon"},
    {"name":"合成玉icon","id":"4003icon"},
    {"name":"寻访凭证icon","id":"7003icon"},
    {"name":"十连寻访凭证icon","id":"7004icon"},
    {"name":"理智","id":"AP_GAMEPLAY"},
    {"name":"应急理智小样","id":"ap_supply_lt_010"},
    {"name":"黄金筹码","id":"charm_coin_1"},
    {"name":"错版硬币","id":"charm_coin_2"},
    {"name":"双日城大乐透","id":"charm_coin_3"},
    {"name":"翡翠庭院至臻","id":"charm_coin_4"},
    {"name":"寻访参数模型","id":"EPGS_COIN"},
    {"name":"模组数据块","id":"mod_unlock_token"},
    {"name":"情报凭证","id":"REP_COIN"},
    {"name":"信用","id":"SOCIAL_PT"},
    {"name":"事相碎片","id":"STORY_REVIEW_COIN"},
    {"name":"事相结晶","id":"RETRO_COIN"},
    {"name":"数据增补仪","id":"mod_update_token_2"},
    {"name":"数据增补条","id":"mod_update_token_1"}
    ]