[
    {"packType":"limit","packID":1,"packName":"日暮寻路芯片礼包","packShowName":"寻路芯片礼包","packPrice":18,"packDraw":0,"packOriginium":8.12,"packRmbPerDraw":"","packRmbPerOriginium":2.216748768,"packPPRDraw":"","packPPROriginium":1.580108108},
    {"packType":"limit","packID":2,"packName":"通用强化升级包","packShowName":"通用强化升级包","packPrice":45,"packDraw":4.9,"packOriginium":22.35,"packRmbPerDraw":9.184,"packRmbPerOriginium":2.013422819,"packPPRDraw":1.271341463,"packPPROriginium":1.739675676},
    {"packType":"limit","packID":3,"packName":"通用特训组合包","packShowName":"通用特训组合包","packPrice":128,"packDraw":16,"packOriginium":58.97,"packRmbPerDraw":8,"packRmbPerOriginium":2.170595218,"packPPRDraw":1.4595,"packPPROriginium":1.613706081},
    {"packType":"monthly","packID":4,"packName":"月卡","packShowName":"月卡","packPrice":30,"packDraw":11.8,"packOriginium":57.11,"packRmbPerDraw":2.542,"packRmbPerOriginium":0.525302049,"packPPRDraw":4.593233674,"packPPROriginium":6.667978378},
    {"packType":"monthly","packID":5,"packName":"每月寻访组合包","packShowName":"每月寻访组合包","packPrice":168,"packDraw":22.6,"packOriginium":75.33,"packRmbPerDraw":7.434,"packRmbPerOriginium":2.230187176,"packPPRDraw":1.570621469,"packPPROriginium":1.570586873},
    {"packType":"weekly","packID":6,"packName":"每周养成组合包","packShowName":"每周养成组合包","packPrice":68,"packDraw":0,"packOriginium":4.355925926,"packRmbPerDraw":"","packRmbPerOriginium":15.61091744,"packPPRDraw":"","packPPROriginium":0.224375199},
    {"packType":"once","packID":7,"packName":"新人组合包","packShowName":"新人组合包","packPrice":6,"packDraw":1,"packOriginium":3.33,"packRmbPerDraw":6,"packRmbPerOriginium":1.801801802,"packPPRDraw":1.946,"packPPROriginium":1.944},
    {"packType":"once","packID":8,"packName":"新人养成组合包","packShowName":"新人养成组合包","packPrice":68,"packDraw":3.9,"packOriginium":13,"packRmbPerDraw":17.436,"packRmbPerOriginium":5.230769231,"packPPRDraw":0.669649002,"packPPROriginium":0.66963434},
    {"packType":"once","packID":9,"packName":"新人家具组合包","packShowName":"新人家具组合包","packPrice":68,"packDraw":1.8,"packOriginium":6,"packRmbPerDraw":37.778,"packRmbPerOriginium":11.33333333,"packPPRDraw":0.30906877,"packPPROriginium":0.309062003},
    {"packType":"once","packID":10,"packName":"新人寻访组合包","packShowName":"新人寻访组合包","packPrice":128,"packDraw":20,"packOriginium":66.67,"packRmbPerDraw":6.4,"packRmbPerOriginium":1.919904005,"packPPRDraw":1.824375,"packPPROriginium":1.824415541},
    {"packType":"year","packID":11,"packName":6,"packShowName":"双倍源石","packPrice":6,"packDraw":0.9,"packOriginium":3,"packRmbPerDraw":6.667,"packRmbPerOriginium":2,"packPPRDraw":1.751312434,"packPPROriginium":1.751351351},
    {"packType":"year","packID":12,"packName":30,"packShowName":"双倍源石","packPrice":30,"packDraw":3.6,"packOriginium":12,"packRmbPerDraw":8.333,"packRmbPerOriginium":2.5,"packPPRDraw":1.401176047,"packPPROriginium":1.401081081},
    {"packType":"year","packID":13,"packName":98,"packShowName":"双倍源石","packPrice":98,"packDraw":12,"packOriginium":40,"packRmbPerDraw":8.167,"packRmbPerOriginium":2.45,"packPPRDraw":1.429655932,"packPPROriginium":1.429674573},
    {"packType":"year","packID":14,"packName":198,"packShowName":"双倍源石","packPrice":198,"packDraw":24,"packOriginium":80,"packRmbPerDraw":8.25,"packRmbPerOriginium":2.475,"packPPRDraw":1.415272727,"packPPROriginium":1.415233415},
    {"packType":"year","packID":15,"packName":328,"packShowName":"双倍源石","packPrice":328,"packDraw":39.6,"packOriginium":132,"packRmbPerDraw":8.283,"packRmbPerOriginium":2.484848485,"packPPRDraw":1.409634191,"packPPROriginium":1.409624258},
    {"packType":"year","packID":16,"packName":648,"packShowName":"双倍源石","packPrice":648,"packDraw":78,"packOriginium":260,"packRmbPerDraw":8.308,"packRmbPerOriginium":2.492307692,"packPPRDraw":1.405392393,"packPPROriginium":1.405405405},
    {"packType":"permanent","packID":21,"packName":6,"packShowName":"普通源石","packPrice":6,"packDraw":0.3,"packOriginium":1,"packRmbPerDraw":20,"packRmbPerOriginium":6,"packPPRDraw":0.5838,"packPPROriginium":0.583783784},
    {"packType":"permanent","packID":22,"packName":30,"packShowName":"普通源石","packPrice":30,"packDraw":2.1,"packOriginium":7,"packRmbPerDraw":14.286,"packRmbPerOriginium":4.285714286,"packPPRDraw":0.817303654,"packPPROriginium":0.817297297},
    {"packType":"permanent","packID":23,"packName":98,"packShowName":"普通源石","packPrice":98,"packDraw":7.2,"packOriginium":24,"packRmbPerDraw":13.611,"packRmbPerOriginium":4.083333333,"packPPRDraw":0.857835574,"packPPROriginium":0.857804744},
    {"packType":"permanent","packID":24,"packName":198,"packShowName":"普通源石","packPrice":198,"packDraw":15,"packOriginium":50,"packRmbPerDraw":13.2,"packRmbPerOriginium":3.96,"packPPRDraw":0.884545455,"packPPROriginium":0.884520885},
    {"packType":"permanent","packID":25,"packName":328,"packShowName":"普通源石","packPrice":328,"packDraw":27,"packOriginium":90,"packRmbPerDraw":12.148,"packRmbPerOriginium":3.644444444,"packPPRDraw":0.961145868,"packPPROriginium":0.961107449},
    {"packType":"permanent","packID":26,"packName":648,"packShowName":"普通源石","packPrice":648,"packDraw":55.5,"packOriginium":185,"packRmbPerDraw":11.676,"packRmbPerOriginium":3.502702703,"packPPRDraw":1,"packPPROriginium":1}
    
    ]